seq,time,ans
ATAACGCTGTTAGGGCACTCGGCCAGGGGG,118.0,True
CTCCATGGCATCGAGATATCGCGGAACGCA,28.5,False
CACTCAACAGCTCTCACTCACCAACAACAT,29.4,False
AGATTTAAATCTGATATCTTAAGGGGCAGT,14.0,False
TGATGTGTAAGGACCACGTTAGATCCCGGC,75.2,False
CCTCTCATTGGCAATGGGTTACACATGTTG,33.6,False
CTCCATTGGGTGTGAGGCCATAGGTATCCG,18.6,False
GTATCCTCACTCGATGCTACTACGCAAATA,17.0,False
CTAAGCTCTAACCTGTGATTACCCACGCAA,15.4,False
CAATTATCTACCCGCAGCCACACCGTTTGT,29.6,False
CCACCTTCCATGCATAACCGCAATACCCGT,38.8,False
CCAGCCGACTCCGCCAAAAACGCGCCCGTC,215.7,True
ATAACTCTTGAAACCCAACGTTCTCGAACA,12.4,False
CCCCCCATCATCATCATCATCATCCCCCCC,19.9,False
CCGAACTTTGAAGCTTACCTTACCCTGATA,24.5,False
CTAAACAACTCATGCGCTTGACCCCGCCTA,35.1,False
ACTCCGTCAAATCTCTACCAAGCTCAGGCG,19.9,False
CATAAACCGTAGGACAACTCTATTCATACA,15.2,False
CTCCTCTTCGTGCTCATCAAAAGCCTCCCC,33.6,False
AACCAACAGCCGCGGAGAAAGAACCCCCCC,22.7,False
AGGAATGAAACTGCCCTTCCCCCGCCAGCC,59.8,False
ACCCACCACCCTAAAACACTAACGGCCACT,13.4,False
TAACAGCGTAGACAGGCTAACCAATAGTGC,25.2,False
TCTAGCCACCGCTCAGCAACCCGCGCCGCC,341.6,True
ATCCAGCGAATATGGACCCAAAGACGTACT,16.6,False
AACTCTAAAGCTGCATGACACAATTTAGTA,15.1,False
AGCAAAGCCTGATTAGAAAACTTCTCGGCC,26.5,False
ATGCATACCATAAACACCGTCCGCCCCCCC,33.6,False
TAGTCTAAACAACACATCCGACCATCCCCC,25.3,False
CTCTTTCAACCCACTGGTCCACAAATCCCT,13.4,False
ATATTGCACAACAGTCATCACGGACCAGTA,33.4,False
GTATATCCTATGTGTGGTTTAGTTAGGCGG,28.7,False
TGACCAAAACAACTTCCGGCACTTGCGTCC,37.7,False
GAGTATTACTCCCAATAAACTACCCGCCAT,19.9,False
AATCACCAATAACTATACACCGTCCTCCCT,16.6,False
ATACCGACTGACCCCCTTACCCAACCCCAT,33.6,False
ACCTGAATCCTGCATACTCCTACCAGGAAT,17.9,False
TCGAAGATACCACACCCAGCCACACATTCC,15.2,False
ATGCAAAGATAACAACATACGACCTCCCGC,15.4,False
ATCTAGGAATTATCAAATTACTAAACCCCC,15.1,False
TTGCACCCATGAATTGTGGTTTGTAATTGA,15.4,False
ACTATCAACCTCGACAAAACTACGCACCCA,34.3,False
TCCCCAACACGGCAATTCTATATCACGTTA,30.6,False
TTGAGCCACCAATCAAGCACACTACTCCCG,29.4,False
GTCCGATTCTACAGTCCCACCGCCCACAGA,37.9,False
CCCTTCCAGACAAACGCGACGATGTAACAG,9.5,False
AGAATCCTGCTTTCCAGCCGCGCCTGCACC,50.5,False
ACGCCACCATCGCACCGCCGACTTCCGCGC,144.3,True
GCGCTCACACCGCACCACGCGCCTCTACCG,99.7,True
GCTCCAACGCGCCACCGCGACTCACGCCTC,120.3,True
AAAAAAAAAAAAAAAAAAAAAAAAAAAAAA,8.3,False
CCCCCCCCCCCCCCCCCCCCCCCCCCCCCC,567.6,True
ACACACACACACACACACACACACACACAC,40.9,False
CGCGCGCGCGCGCGCGCGCGCGCGCGCGCG,1000.0,True
ATAACGCTCTTAGCGCACTCGGCCAGGGCG,43.5,False
ATAACGCTCTTAGCGCACTCGGCCAGCGGG,173.1,True
CCAGCCGACTCCGCCAAAAACGCGCCCGCC,273.1,True
TCTAGCCACCGCTCAGCAACCCGCGCCGAC,1000.0,True
TCTAGCCACCGCTCAGCAACCCGCGCCGTC,492.8,True
TCTAGCCACCGCTCAGCAACCCGCGCCGGC,120.9,True
TCTAGCCACCGGTCAGCAACCCGGGCCGGC,111.9,True
TCTAGCCACCGTTCAGCAACCCGTGCCGTC,66.7,False
CCTTAAAAGACGACAGTCACCAGCCCCCCC,0.0,False
CAACCACGATACCAAACTAAACATCCCGCA,36.8,False
AGTAACAAGACACAAACAGCCCCCCACGGA,39.8,False
CAAGATACCCCCATAACCCACGCCCTAACC,53.19682,False
AACCCACCCACAACCGACCCACTTTCAGCA,1000.0,True
GGGTCGTCGGCGGCACCATCATCCGATCAC,1000.0,True
TCGTTGACGGTGGTCGCCCCATCATAGGCC,959.5,True
CGTATTGCAGGTGGTCTCCCTATTAGCAAA,413.8,True
TGGTCGCACCGGCCTGTAGACGATTCGGCT,249.9,True
CCAGTTTCGGCTGGCTCGGCCAATCTTTTA,873.2,True
